yyyymm,ics_all,ics_a1834,ics_a3554,ics_a5597,ics_w,ics_nc,ics_ne,ics_s,ics_m,ics_f,ics_y13,ics_y23,ics_y33,ics_ehs,ics_esc,ics_ecd
197801,83.7,93.7,86.7,75,83.6,85.5,84.1,81.3,90.2,78.8,,,,80.2,94.2,90.5
197802,84.3,99.7,82.3,77.1,94.2,81.9,83.1,81.6,90.2,80,,,,80.9,92.2,91.4
197803,78.8,91.7,76.8,68.8,79.6,76.7,78.7,79.7,86.6,73.8,,,,74.4,84.8,84.8
197804,81.6,91.6,79.7,73.9,81.6,80.9,82.5,81.6,86.3,78.4,,,,78.4,84.2,88.6
197805,82.9,95.6,78.9,74.4,86.4,81.5,79.7,84.5,90.1,78.5,,,,79.7,84.3,92.4
197806,80,91.5,75.7,72.4,85.1,79.6,76.5,79.5,83.4,77.4,,,,76.1,82.4,88.8
197807,82.4,92.2,78.5,77.3,91,78.2,85.4,78.8,83.5,81.6,,,,81.2,89,79.1
197808,78.4,87.9,76.8,69.8,76.2,80.4,78.7,77.6,84.1,73.7,,,,77.4,77.2,83.1
197809,80.4,86.6,84.1,72,85.6,77.8,80.1,80.3,87.3,75.7,,,,78.6,87.4,78.7
197810,79.3,90.6,76.7,70.9,77.1,79.9,82.2,78.4,84.9,75.1,,,,76.2,85.8,80.9
197811,75,82.5,73.2,69,82.4,73.1,69.6,76.1,82,71.7,,,,75.5,75.2,74.1
197812,66.1,71.7,63.3,63.6,71.4,65.6,62.1,67.5,69.2,64.4,,,,64.8,67.3,68.5
197901,72.1,82.7,70.6,63.5,70.6,76.2,73.5,69.3,81.2,65.7,,,,69.8,73.7,79.4
197902,73.9,81,74.6,67.6,77.5,75.8,68,73.5,77.1,71.6,,,,72.1,75.7,80.2
197903,68.4,77.9,64.4,63.3,67.4,71.3,65.5,68,72.1,65.2,,,,67.3,68.7,74.1
197904,66,71.5,66.4,61.3,64.8,65.6,58.1,71.9,72.8,61.8,,,,63.7,66.2,70.9
197905,68.1,74.6,65,64.1,69.6,68.2,64.8,69.1,75,63.4,,,,66.1,69.1,72.6
197906,65.8,71.2,62.5,63.9,66.3,63.3,66.8,66.8,68.5,63.7,,,,63.1,62,76.1
197907,60.4,67.7,60.9,54.4,59.7,58,60.4,63.3,66.7,55.8,,,,56.5,64,68.2
197908,64.5,72.1,64.1,58.2,71.7,63,61.9,62.9,70.2,60.4,,,,62.7,66.4,69.3
197909,66.7,71.5,66.8,63.2,70.9,65.2,64.1,67,71.3,63,,,,65.4,66.6,71.8
197910,62.1,69.5,58.1,60,63.5,60.4,59.5,64,68.8,57.3,57.5,62.1,65.3,59.6,65.6,65
197911,63.3,70.8,60.7,57.3,61.9,64.1,59.8,65.8,66.8,60.6,55.5,62.1,68.3,60,68.2,68.2
197912,61,68.2,57.1,59.2,64.6,59.5,61.7,59.7,68,56.1,58.5,62.1,66.2,58.7,64.3,67.2
198001,67,74.7,65.3,61.3,71.6,60.1,67.4,71.3,77.1,60.5,65.6,65.5,70.8,64.9,69.8,68.3
198002,66.9,74.3,65.8,60.5,72.8,65.9,63,65.7,73.5,62.1,55.3,71.5,70.8,63,73,72.3
198003,56.5,61.4,56.2,51.3,56.9,57.3,54.4,56.7,60.5,53.2,51.9,55,62.3,53,55.6,64.8
198004,52.7,60.5,43.6,51.8,51.5,58.1,50.9,50.7,57,50.4,54.6,50.5,54.3,51.6,56.3,53.7
198005,51.7,62.8,46.4,43.4,53,50.8,54.6,49.3,60.2,46.2,45.2,53,55.2,47.6,59.1,54.6
198006,58.7,65.9,53.5,57.4,67.3,58,54.4,56.4,63.5,54.7,58.4,56.2,60.5,56.1,64.7,63
198007,62.3,69.7,58.1,58.8,68.6,58.5,55.9,66.4,68.1,58.1,58.1,62,67.6,58.8,70.2,67.8
198008,67.3,71.7,64.8,66,68.1,66.2,59,72.6,74.6,61.7,63.4,68.2,70.9,62.9,67.4,78.6
198009,73.7,79.2,72.4,69.3,79.5,68.3,76.3,71.8,82.9,66.8,72.2,70.5,78.1,71.5,75.6,78.3
198010,75,80.1,70.3,73.8,73.1,70.2,75.7,79.1,80.6,71.5,68.7,77.1,76.3,72.8,75.8,79.3
198011,76.7,85.3,73.5,69.9,81.9,76.2,71.1,77.3,82.5,72.7,62.3,81.5,82.7,71.8,83.2,84.9
198012,64.5,76.4,56.5,59.6,64.4,59.9,62.3,69.4,71.2,60.1,64.7,63.1,66.9,61.1,75.3,70.6
198101,71.4,77.2,70.4,67.8,74.3,70.9,68.2,72.5,79.3,66.1,69.9,69.5,74.8,65.7,78.6,80.5
198102,66.9,72.6,68.4,60.1,70.8,62.6,64.5,70.2,69.2,65,58.8,64.6,74.2,64.5,70.8,77.5
198103,66.5,77.3,63.5,58.6,73.7,62.6,66.5,64.9,74.2,60.9,58.7,66.6,72.1,62.1,70.8,76
198104,72.4,81.4,67.9,66.9,74.2,72.7,72.6,71,77.9,68.7,62.7,74.6,77.1,70.3,80.4,72.6
198105,76.3,87.7,71.2,69.6,82.2,76.6,66.8,77.5,83.6,71,71.5,76.3,85,74.2,81.3,79.2
198106,73.1,81.7,67,69.6,73.8,74,68.5,75.2,84.2,65.6,57.6,77.6,81.5,66.8,74.9,87.6
198107,74.1,84.2,70.8,67.6,78.1,72.2,68.9,76.5,85.4,67.7,64.8,73.8,80.6,68.4,80.5,87.2
198108,77.2,87.8,75,67.9,79.2,70.1,77,83.2,83.9,72.1,70.4,80.8,84,73.1,84,85
198109,73.1,81.5,68.8,69.4,76.6,69.9,75.1,72.4,78.7,69.3,60.2,76.7,80,69,75.2,88.3
198110,70.3,80.6,65.8,64.8,79,68.1,68,69,75.9,65.8,64,71.2,76.5,64.1,76.7,82.1
198111,62.5,71.3,59.6,57.9,68.8,64.7,55.8,61.1,69.9,56.9,58.7,59.6,68.6,57.9,69,70.4
198112,64.3,70.9,65.2,56.7,61.6,65.3,65,64.4,72,58.4,53.9,67.3,71.1,58,71.5,73.8
198201,71,76.5,67.6,68.5,76.2,67.3,68.8,72.2,79.1,64.5,61.5,72.9,80,66.7,76.1,78.7
198202,66.5,71.5,68.3,59,68.8,60.6,65.9,71.8,71.4,62.2,55.9,69.2,73.9,62,70.9,72.6
198203,62,65.4,61.4,58.8,68.2,55.8,60.5,64.7,65.4,59.5,53.3,64.9,67.9,57,64.8,71.8
198204,65.5,70.5,65.6,60.4,65.8,64.6,67.2,65,73.2,59.8,55.3,66.5,74.7,60.3,71.7,69.5
198205,67.5,72.7,67.6,62.2,75.7,66.5,62.4,66.6,76.6,59,60.7,66.6,75.7,61.8,68.4,77
198206,65.7,72.4,64.4,60.2,68.6,65,65.1,64.9,74.3,59,54.4,72.4,70.1,60.1,70.1,73.3
198207,65.4,73.4,63.3,60.6,71.1,64,65.1,63.9,71.8,60.5,58.1,67,71,60.6,75,69.3
198208,65.4,72.5,62.9,60.2,70.6,60.6,68.1,64,71.1,60.9,57.4,65.2,73.6,59.3,71.3,73.9
198209,69.3,73,66.7,68.1,68.8,67.2,70.3,71.1,75.7,64.3,59.4,66.2,81.1,62.6,75.9,79.2
198210,73.4,81.2,72.1,65.5,79.3,66.2,77.8,74.1,83,66.6,64,75.6,81.7,66.9,82.4,79
198211,72.1,76.6,75.7,63.8,79.3,67.9,70.6,73.2,75.5,69.6,61.5,75.1,81.1,66.2,77,81.4
198212,71.9,78.9,71.7,64.5,80.4,70,66.1,72.5,82.1,64.8,62.3,72.7,81.6,65.6,74.4,82.3
198301,70.4,78.8,70,62,72.8,70.5,64.9,73.6,78.4,64,57.1,71.7,83.7,64.1,77,79.4
198302,74.6,82.1,68.7,72.4,78.3,72.3,72.1,75.8,80.3,70,65.5,77.4,81.3,70.2,80.4,80.8
198303,80.8,84.9,81.7,75.4,84.7,73.7,82.9,82.7,89.1,74.6,68.6,82.5,91.8,73.3,88.6,91.7
198304,89.1,95.8,90.5,80.5,95.6,88,89.1,87.2,97.9,82.3,75.4,90.8,100.9,81.7,95.7,99.9
198305,93.3,97.2,97.1,84.9,103,90.7,88.3,93.3,99.1,88.8,82.8,94.1,101,91.1,94.6,97.7
198306,92.2,97.8,94.4,83.9,94.2,88.7,95.1,92.4,100.7,86.4,76.5,95.5,104.1,82.9,99.6,104.7
198307,92.8,105.9,89.8,82.5,94.5,93.1,95.2,89.6,101.6,85.8,77.9,97.3,107.7,85.1,100.1,104.5
198308,90.9,99.2,92.9,80,90.3,92,89.6,91.3,102.5,82.4,71,93.3,109.5,83.1,99.4,103.7
198309,89.9,94.8,94.5,80.9,90.9,87.8,92.6,89.1,98.3,83.4,73.3,94,103.7,81.7,95.3,103.5
198310,89.3,94.2,94,77.8,93.2,83.7,89.9,91.5,98.9,80.8,72.9,92.1,103.6,83.4,94.7,98.6
198311,91.1,97.2,94.6,81,98,88.3,87.7,91.5,97.6,85.7,80.5,93.9,100.3,84.8,99.9,100.3
198312,94.2,102.3,97.5,81.8,93,96.2,91.4,95.2,103.1,87.9,83.1,95.1,105.4,88.6,104.4,96.8
198401,100.1,107.9,106,87.4,107.3,96.8,100.7,97.5,105.6,96,82.6,103.6,115.6,92.9,108.1,109
198402,97.4,106.2,98.9,86.5,96.3,98.4,102.3,93.3,104.8,91.7,77,101.2,114.3,90.8,101,109.6
198403,101,110.1,105.2,86.8,98.6,98.5,104.8,101.6,107.8,95.7,87.2,101.9,117.8,93.6,107.8,112.3
198404,96.1,107.2,95.4,86,100.5,96.1,92.8,96.5,104.3,89.4,87,98.1,107,89.5,104.3,105.7
198405,98.1,107.5,98.8,87.1,103.4,96.3,98.8,96.5,101.1,95.8,88.5,99.2,107.8,95.3,102.9,102.5
198406,95.5,103,97.1,85.9,96.3,92.1,100.1,94.5,101.1,91.2,79.6,100.5,105.5,88.8,101.2,104.6
198407,96.6,104.9,97.7,87.1,99,92.5,94.3,99.7,102.7,91.6,86.1,101.1,102.7,90.1,101.2,106.9
198408,99.1,106.8,105.3,85.2,95,100.2,103.5,97,109,91.4,85.4,101.4,113.3,93.3,96.5,111.1
198409,100.9,108.5,99.9,93.3,100.9,99.3,105,100.1,106.2,96.3,88.7,104.8,110.8,95.7,107.2,109.1
198410,96.3,108.9,95.5,84.2,104.9,89.4,92.3,101.7,101,92.3,79.5,99.3,113.5,88.9,105.8,108.1
198411,95.7,105.6,94,88.1,95.6,93.3,100.3,95.7,101.1,92,80,96.4,111,90,102,106.6
198412,92.9,102.9,94.5,82.3,94.3,90.3,94.8,93.4,99.6,87.9,83.6,95.7,101.5,87.4,98.4,102
198501,96,104.2,98.8,86.4,97.8,94.5,98.2,94.6,100.5,93,83,98.5,110.2,88.6,105.9,107.9
198502,93.7,102,97,82.6,89.7,90.4,97.9,96.6,104.9,85.6,80.1,94,107.3,86.7,93.7,108.8
198503,93.7,104.7,94.7,82,101.1,90.6,98.3,89.8,98.9,89.6,77.3,97.2,110.8,87.3,101.5,104.9
198504,94.6,106.9,93,84.3,95.3,91.7,98.1,94.8,101.6,88.8,80.6,96.8,108.9,86.2,98.5,108.6
198505,91.8,103.2,87.9,84.6,91.3,94,88.8,91.9,97.9,87.1,79.7,92.5,105.3,85,94.8,105.7
198506,96.5,105,97.8,87.9,103.6,90.4,97.7,99,103.6,91.7,89.6,95.9,107.4,90.2,103.5,106.2
198507,94,104.4,93.7,84.6,94.8,91.8,98.4,92.9,99,90.9,83.9,94.7,105.2,87.1,108.4,97.6
198508,92.4,104.2,94.9,77.6,90.6,93.4,90.7,93.6,96.6,89.5,79.3,92.2,106.7,84.4,99.7,103.9
198509,92.1,103.7,89.6,82.8,97.5,91.5,98.5,87,93.9,90.6,79.5,96.3,101.7,86.4,97.5,103.2
198510,88.4,101.6,88.9,76.2,90,81.7,92.3,90.7,96.3,81.6,74.5,93.7,99.6,81.7,93.5,100.7
198511,90.9,101.1,93.5,79.3,93.1,90.7,92.8,88.4,96.3,86.3,75.9,97.9,100.8,85.8,90.5,102.5
198512,93.9,103.8,95.3,82.6,98.1,90.8,98.2,92,96.5,91.8,85.2,91.6,106.1,87.8,98.8,102.5
198601,95.6,105.5,99.5,80.8,93.7,93.9,96.7,98.2,101.5,89.8,82.2,97,108.4,91.7,93.7,106.2
198602,95.9,109.7,94.1,83.8,98,92.7,103.4,93.2,99.9,92.8,81.6,98.7,108.2,87.4,106.8,105.5
198603,95.1,109.1,96,82.1,98.9,94.9,99.1,91.3,102.5,88.4,80.7,99.2,104.5,89.8,94.7,107.1
198604,96.2,104.8,97.9,83.6,99.5,92.3,102.7,94.4,102.3,91.1,83.2,99.2,108.7,89.2,97.6,108.2
198605,94.8,104.9,99.9,78.3,98.8,90.1,101.2,93.5,100.7,89.6,80.2,99.4,105.5,84.8,103.8,107.1
198606,99.3,112.7,97.9,86.6,102.7,94.1,106.2,98.5,107.4,92,87,100.2,112.1,94.3,102.7,108.3
198607,97.7,108.2,98.7,84.5,94.7,93.4,103.9,101.7,104.8,91.6,86.3,98.3,109.5,90.2,101.5,109.5
198608,94.9,107.9,95.2,79.7,98.2,92.6,102.5,90.5,103.2,87.8,82.2,98.2,105.7,86.5,99.9,105.8
198609,91.9,106.3,92.4,76.1,95.8,87,94.6,91.9,95.5,88.8,83.4,92.8,100,84.8,95.5,103.9
198610,95.6,102.5,97.3,85.7,99.3,90,99.1,96.5,100.5,92.2,86,97.2,103.4,91.3,93.8,104.4
198611,91.4,99.5,94.2,80.4,92.3,85.6,95.8,93.2,97.7,86.4,80.9,98.8,97.8,83.2,98.5,99
198612,89.1,98,91.3,78.3,84,90.4,91.8,89.5,95.4,84.2,74.2,94.5,99.5,84.1,89.8,98.2
198701,90.4,99.9,91.2,78.4,83.9,85.9,98.1,96,98.4,84.2,82.3,87.4,101.9,85.2,93.1,99
198702,90.2,99.1,89.2,81.5,89.2,89.5,92.4,90.7,94.9,86.2,77.1,90.6,103.3,82.3,95.8,98.4
198703,90.8,106.3,89.3,78,91.2,86.3,104.6,87.5,96.8,86.5,79.6,94.8,97.5,85.3,92.5,100.2
198704,92.8,99.1,95.1,83.4,87.2,91.7,99.4,93.7,98.4,88.9,83.8,93.9,101.2,88.4,94.8,99.6
198705,91.1,99.5,92.8,82,87.1,92.9,91.3,92.1,95.3,87.6,82.1,93.1,98.5,87.4,95.8,94.6
198706,91.5,99,95.5,80,89.7,92.2,92.5,91.5,98.6,86.1,79.9,90.7,104.3,86,97,97.3
198707,93.7,103,97.8,80.2,85.2,95.7,100.1,93.8,98,90.4,83,97.7,102,88.4,97.4,100.4
198708,94.4,103.3,95.8,80.8,93.2,91,99,95.2,99.3,90.5,86.7,92.1,106.3,89,95.6,103.1
198709,93.6,104.1,95.4,82.6,91.5,94.7,92.2,94.9,98.5,90.1,80.5,97,103.5,87.9,95.2,103.5
198710,89.3,92,89.9,86.2,89.1,87.2,93.8,88.3,95.9,84.1,78.7,88.5,101.5,83,93.2,97.4
198711,83.1,91.7,86.6,70.8,79.4,79.6,83.9,87.9,89.6,77.1,75.6,84.4,89.6,81.2,89.3,81.9
198712,86.8,94.1,93,73.6,89.2,83.6,83.4,90.4,91.5,82.4,79.2,85.2,95.6,81.8,92.2,91.5
198801,90.8,98.3,93.6,80.5,88.5,91.3,99.8,87.6,98.7,85.3,82,92.9,98.4,88.2,90.1,97
198802,91.6,102.5,90.3,79.9,86.3,92.1,93.7,92.8,92.8,90.6,81.4,94.5,99.3,86.8,95.7,96.8
198803,94.6,103.5,98.9,80,95.3,92.9,101.2,91.6,102.8,88.6,82.7,97.4,104,86.8,99.8,103.1
198804,91.2,100,87.5,86.6,89,93.9,94.9,88.6,96.3,87.2,80.7,92.5,100.3,87.4,90.6,98.4
198805,94.8,104.2,95.4,84.7,97.3,95.5,99.1,91.1,99.3,91.2,78.9,101,106.5,90.1,98.9,102.2
198806,94.7,103.1,102,79.5,95.2,91.2,98.1,95.9,101.1,89,83.2,99.7,102.5,93.4,92.5,99.9
198807,93.4,99.4,93.8,86.2,94,92,98.3,91.8,97.3,90.2,81.9,97.3,102.2,88.2,98,100.2
198808,97.4,103.6,101.7,86.3,98.5,100.9,95.7,94.4,102.5,93.6,89.6,98,104.7,92.4,98,107.8
198809,97.3,105.8,93.6,91.4,97.6,101.9,95.2,93.3,104.3,91.9,91.9,96.7,103.4,89.7,99.6,108.8
198810,94.1,105.8,94.6,82,96.6,96.1,91.8,92.9,99.8,89.3,82.4,97.2,103.7,89.7,97.4,102
198811,93,100.4,94.3,82.3,98.9,90.6,95.8,90.5,99.5,87.8,80.5,99.9,99.5,91.2,88.3,100.4
198812,91.9,103.7,97.1,73.9,88,90.2,90.8,96.1,97.4,87.3,82.6,94,100.1,87.4,92.1,101.1
198901,97.9,105.8,100.3,86.3,102.2,94.2,96.9,99.9,99.7,96.7,84.5,103.1,106.3,96.4,98.1,101.8
198902,95.4,104.3,94.2,86.7,93.6,99.2,103.5,88.8,99.2,92.7,86.1,94.7,105.9,92.9,95.3,101.1
198903,94.3,103.9,91.8,87,92.2,95.8,91.5,96.1,100.5,89.4,80.2,103.7,98.8,87.8,101,103.1
198904,91.5,101,87.5,83.9,90.3,94.6,83.9,93.4,95.6,88.5,81.6,92.7,99.9,86.5,98.1,97.5
198905,90.7,102.2,86.9,81.7,94.3,86.7,99.9,87.3,94.9,87.2,79.8,93.2,100.7,84.5,96.5,97.5
198906,90.6,100,90.4,81.2,89.8,91.2,84.7,94.4,99.8,84.2,80.5,98.5,94.7,85.3,94.1,98.8
198907,92,101.9,95.8,78.2,91.8,91.9,87.2,95.6,95.9,89.3,75.7,96.7,103.6,87.2,89.2,103.3
198908,89.6,105.7,88.9,76.1,95.7,93.6,85.2,85,95.4,85.1,84,94.9,92.3,83.9,100.3,92
198909,95.8,107.1,96.2,84.9,92.7,98.8,97.1,94,101.3,91.5,85.1,100.6,103.7,88.7,101.8,105.8
198910,93.9,107.3,90.5,84.2,92.6,89.6,92.1,99.5,104.5,87.7,84.1,96.8,100.9,89.6,97.9,99.5
198911,90.9,102.2,88.6,79.3,99.4,98.7,77.5,87.2,97.6,85.9,81.7,93.8,99,83.9,100.9,98.4
198912,90.5,99.3,90.3,80.4,90.7,89.2,87.1,93.5,97.2,85.2,80.3,91.4,100.3,83.2,97.9,98.9
199001,93,101.4,99.5,78.3,92.2,94.2,91,93.8,96.4,90.6,85.1,93.1,100.6,88,97.2,100.3
199002,89.5,104.9,88.2,74.7,95.1,88.2,82,91.5,94.1,85.4,77.7,98.7,92.1,84.7,94.7,93.5
199003,91.3,101.7,91.4,81,101.5,85.5,89.5,92.5,97.1,87.2,76.6,98.4,98.9,82.7,95.9,103.2
199004,93.9,102.8,95.7,84,101.1,95.6,75.9,100.1,98.6,90.7,87.4,93.5,102.4,85.5,102.7,101
199005,90.6,102.5,91.6,77.9,99.5,96.5,80.4,88,97.5,85.6,81.5,93.8,98.4,82.4,97.3,100.9
199006,88.3,99.5,85.8,79.2,92.3,92.1,84.6,85.5,94.6,82.6,76.2,89.1,99,80,97.1,96.3
199007,88.2,95.1,89.4,79.2,90.1,93.3,82.6,85.3,92.8,84.4,78.3,92,94.1,83.8,90.9,94.4
199008,76.4,83.9,80.4,64.5,80.1,78,67.2,78.7,80.3,73.6,69.3,80.6,79.1,74.4,81.6,76.1
199009,72.8,80.8,70.1,66.9,86.4,73.9,65,70.2,76.8,70.2,65,76.4,76.6,68,74.4,80.9
199010,63.9,72.1,64.4,56.3,67.6,63.6,59.8,64.5,66.5,61.8,58.1,61.2,71.4,61.5,63.5,67.6
199011,66,72.5,64,61.7,68.3,67.2,63.9,65.2,74.3,59.9,63.3,64.8,72.2,64.6,65.5,69.2
199012,65.5,71.8,66,59.4,64.7,69.4,55.6,68.4,69,62.8,59.5,67.9,68.6,62.7,68.4,68.6
199101,66.8,75.9,63.4,61.1,65.7,68.7,63.3,67.9,75.3,60.5,64.6,63.4,73.8,65.8,63.6,71
199102,70.4,74.9,69.6,65.7,70.9,75.7,64.2,70.8,77.3,64.9,65.3,72.1,74.1,68.5,74.4,71.3
199103,87.7,96,84.6,80.7,88.2,85.9,83,91.4,92.4,84.4,76.6,91.6,95,84.3,86.5,93.7
199104,81.8,91.1,81.3,74.1,83.5,85.2,78.8,79.7,89.5,74.6,73.4,80.7,91.2,78.2,84.3,88.3
199105,78.3,89.4,73.9,72.1,84,76.6,73.5,79,85.9,72.1,71.4,75.9,86.7,73.6,76.9,88.3
199106,82.1,92.1,80.8,73.4,86.6,82.5,69.9,85.9,86.2,78.9,76.6,86.6,86.6,78.3,86.1,86.1
199107,82.9,85.8,83.8,79.4,82.8,83.7,79.6,84.8,90.2,77.7,71.3,86.8,90.6,78,83.6,90.2
199108,82,89.4,80.4,74.8,86.4,83.4,71.1,85.1,90.1,75.4,72.4,84.2,89.6,75.4,86.8,89.3
199109,83,92.1,83.7,73.2,87.5,81.7,76.7,86.6,86.8,80,74.9,87,89.1,78.5,89,87.7
199110,78.3,88.3,73.2,72.7,80.2,78.3,74.9,79.5,82.3,74.7,74.1,76.3,84.1,72.9,85.9,81.6
199111,69.1,80.5,62.9,63.2,66.7,70.4,66.2,71.2,74.4,65.4,63.5,64.9,80.2,64,70.8,75
199112,68.2,78.9,65.2,60.5,70.6,68.3,61.6,69.9,75.1,62.7,68.7,68,70.1,63.8,76.1,69.8
199201,67.5,72.5,64.8,64.2,68.9,62.5,61.5,73.5,73,63.5,61.9,67.9,72.3,66,65.5,71.4
199202,68.8,77.5,64.1,63.9,63.1,66.9,69.1,73.9,76.3,62.8,60.5,69.7,74.9,66.5,67,73.8
199203,76,87.9,74.1,66.3,67.7,76.1,76.5,80.9,81.4,71.3,66.7,78.6,82.4,73.8,78.9,77.7
199204,77.2,85.4,76.9,66.8,79.1,74.2,79.8,76.8,83.8,72,71.8,74.2,86.4,74,80.4,80.3
199205,79.2,89.5,76.6,70.7,80.2,80.5,74.3,80.6,87.7,73.6,68.5,81.1,87.8,71.3,77.9,93
199206,80.4,88.9,80.8,71.4,83.3,78.8,75.2,82.5,87.1,74.9,75.5,83.6,82.5,75,82.5,88
199207,76.6,83.5,73,73.5,69.9,76.1,69.2,84.2,83.2,71.5,70.9,73.3,85.2,74.3,69.3,85
199208,76.1,83.7,73.2,70.5,72.4,75.8,71.6,80.4,80.1,72.6,69.1,76.2,83.2,73.6,76.1,80
199209,75.6,85.9,75.7,65.5,67.7,77.4,72.9,81.2,82.8,69.6,67,78.7,80.5,70.6,77.8,80.8
199210,73.3,81.4,69.4,68.6,65.6,75,71.1,78.3,80,68.3,68.3,72.2,80.6,70.8,75.5,76.6
199211,85.3,94.3,83.5,76.6,88.1,88.9,75,86.6,91.3,81.3,82.5,87.6,88.3,78.9,92.7,89.2
199212,91,97.3,86.6,88.4,88.1,91.9,92.8,91.5,94.7,88.2,86.4,92.3,95.1,86.3,93.5,96.4
199301,89.3,93.8,89.7,85,88.2,89.4,87.6,90.9,94.9,84.8,81.3,92.6,94.3,87,92.1,90.8
199302,86.6,97.2,87,75.2,84.5,88.9,82,88.4,90.8,83.4,81.8,86.3,93,79.2,90.7,93.9
199303,85.9,90.5,84.2,82.7,83.4,87.7,81,89.3,91.9,80.7,83,83,91.4,80.5,90.1,92
199304,85.6,95.1,84.8,77.2,87.1,83.5,83.1,87.9,90.6,81.3,75.4,93.4,88.4,81.8,85.8,91
199305,80.3,88.1,77.4,75.2,81.6,81.6,80.4,78.6,82.8,78.7,76.4,82.1,84.6,75.5,90.7,81.3
199306,81.5,92.5,76.7,72.7,79.9,83.1,76.9,84.1,85.8,78.2,81.5,84.2,81.7,75.7,83.9,88
199307,77,87.8,72.9,70.7,70.7,72.8,77.6,83.1,77.2,76.9,71.7,78.7,82.5,71.4,82.9,79.2
199308,77.3,89.1,76.3,68.3,73.8,76.1,67.5,85.4,81.6,73.9,70,78.1,84.1,75.3,74.8,81
199309,77.9,85.3,77.3,71.4,77.1,76.2,77.7,79.8,83.7,73,70.8,81.7,80.3,76.4,80.3,79.1
199310,82.7,92.8,81.6,73.8,77.1,85.4,77.6,87.3,86.9,79.3,74.5,86.4,87.5,80.2,81.8,86.8
199311,81.2,88.8,79.1,75.3,81.2,80.5,75.9,84.6,84.6,78.9,76.2,81.1,86.5,76.7,83.9,87.3
199312,88.2,98.9,83.4,81.5,92.7,82.8,89.1,89.2,93.1,84.2,84.8,91.9,89.4,81.6,90.2,95.7
199401,94.3,99.5,92.4,90.8,91.5,95.4,97,93.9,100.2,89.7,83.4,94.3,105.8,88.1,97.5,101.9
199402,93.2,100.1,95,83.3,90.3,95.1,90.2,95.5,96.3,91.1,85.4,95.1,99.5,89.1,90.9,99.3
199403,91.5,100.4,88.6,87.5,92.6,92.4,92.7,89.6,93.8,89.8,83.4,93.9,97.5,89,88,98.6
199404,92.6,98.6,93,87.8,89.9,95.1,88.5,94.1,96.7,89.2,84.7,95.9,98.6,90.9,87.2,100
199405,92.8,102,93.5,83.5,93.5,95.2,92.1,90.9,100,87.2,87.1,97.8,95.4,88.7,94.6,97.1
199406,91.2,98.7,90.8,84.2,87.8,92.2,88.6,94,95.8,87.9,85.6,95.5,93.1,85.9,96.9,94.6
199407,89,96.9,88.6,83.3,85.2,94.6,85.6,89,94,84.8,83,91.8,95,85.4,91.8,92.9
199408,91.7,97,91.8,86.6,92.6,95.3,83.8,92.9,98.1,87.2,82.8,93.9,99.8,85.7,90.6,99.1
199409,91.5,96.7,94.1,83.6,87.9,91,96.3,91.2,96.4,88,86.8,89.5,99.5,86.3,92.7,97.5
199410,92.7,99.9,91.5,86.9,88.4,94.5,96,91.8,100.7,87.4,85.4,92.9,99.7,85.9,92.8,101.9
199411,91.6,102.8,91.2,80.7,89.5,94.5,98.5,87,98.9,86.2,80.1,93.7,100.6,85.9,90.3,100
199412,95.1,100.4,97.3,87.3,92.3,96,89.8,98.6,99,92.3,87,99.9,98.6,91.3,97.9,97.5
199501,97.6,106.2,98.8,88.2,96.6,96.6,92.8,101.5,102.1,93.5,88.9,100.4,104.3,92.6,99.8,103.6
199502,95.1,103.5,97.8,84.1,99.4,95.3,86.8,96.5,100,90.9,87.4,97.5,100.4,89,99.2,101.4
199503,90.3,94,95.5,81.2,87.9,94.2,82.7,92.5,96.3,86,80.3,92.8,100,81.6,87.4,104.5
199504,92.5,104.3,91,82,88.5,98,84,96.2,100.9,87.2,82.6,95.9,100.8,85.9,97.2,99.3
199505,89.8,98.7,89.4,82,89.4,90.8,84.3,92.7,95.1,85.5,81.2,90.8,99.3,85,87.7,98.8
199506,92.7,104.3,91.8,84.6,89.5,90.9,87.5,98.3,98.6,87.8,83.6,93.9,100.9,86.3,93.5,99.9
199507,94.4,104.4,93.2,85.9,93.7,93.2,97.2,94.2,99.7,89.8,81.8,96.5,104.8,84.2,97.2,102.3
199508,96.2,106.8,95.3,86.7,98.8,99.5,92.3,93.7,99.5,93.3,86.8,97.2,105.5,88.5,94.3,106.2
199509,88.9,96.3,92.5,78.4,87.3,90.6,85.5,90.7,94.9,83.8,77.9,89.6,100.2,80.4,94.4,96
199510,90.2,103.7,91.4,74.8,86,97.8,85.7,90.2,99.8,83.1,82,88.7,100.5,83.1,93.2,98
199511,88.2,96.1,87.5,81.8,88.9,93.9,78.2,89.5,95.9,81.9,77,93.5,94.8,82.5,89.2,96.9
199512,91,102.2,93.8,78.4,91,94.7,87.6,89.6,99.6,84,81.1,94.5,99.1,82.7,96.9,98.8
199601,89.3,99.7,86.2,81.8,92.5,93.2,79.5,89.4,95,84.3,84.2,90.6,95.8,85,92.1,93.6
199602,88.5,100.4,89.9,77.3,92.7,95.5,78.8,86,93.6,84.5,80.8,90.7,93.4,80.6,94.1,96.1
199603,93.7,107.7,92.2,82.5,94.5,98.6,92.8,90.4,103.1,86.5,87.8,95.2,98.9,87,97.9,99.3
199604,92.7,100,96.6,82.1,94.4,96.9,86.1,92.4,97.4,89.2,81.7,90.4,105.9,82.9,99.6,101.6
199605,89.4,94.3,88.6,86.1,86.1,95.9,81.6,91.2,97.1,84,79,91.7,96.6,83.1,85.5,101.9
199606,92.4,98.7,94.9,83.7,94.4,99.5,85.2,90.3,99.2,87.5,80,97.1,99.7,87.1,93.6,100.5
199607,94.7,103.1,92.5,89.3,93.1,98,88.5,97.3,98.1,91.8,85.7,96.4,101,91.3,96.1,98.2
199608,95.3,110.7,91.8,85.2,94.2,96.2,94.4,95.7,100.4,91.1,87,96.7,103.2,88.3,99.2,103.3
199609,94.7,107.9,91.3,85.3,95.9,101.3,91.1,90.8,104.2,88.1,88.3,96.8,99.9,89.4,94.9,102.1
199610,96.5,100.2,95.8,94.2,96.1,98.5,97,94.8,102.6,91.9,86.1,98.7,103.8,92.2,102.1,98.6
199611,99.2,108,101,89.5,102.4,95.7,98.6,100.5,105.3,94.7,88.5,101,108.1,93.2,101.5,106.8
199612,96.9,104.7,99.1,87.8,99.3,99.7,92.5,95.8,101.9,93.9,92,95.2,104.7,91.3,99.4,103.7
199701,97.4,103.8,102.1,85.9,94.8,100.6,96.6,96.9,102.3,93.1,88.2,100.8,102.7,90.9,103.9,101.6
199702,99.7,103.5,103.8,91,96.4,97.4,103.2,101.8,104.5,95.7,86.5,100.2,112.7,92.3,103.5,107.7
199703,100,108.3,98.3,94.2,102.2,102.8,98.8,96.8,105,95.2,90.4,100.1,111.3,93.5,101,109.8
199704,101.4,111.6,103.7,89.2,101.9,103.2,97.5,101.9,109.1,94.7,90.1,104.6,111.7,96.3,100.5,109.4
199705,103.2,110.6,103.9,95.2,107,100.4,100.2,104.9,107.6,99.6,90.5,107.8,110.8,95.2,106.9,112.1
199706,104.5,112.5,105.1,97.3,102.9,107.8,97.7,106.6,111.3,101,96.1,108.9,109,98.9,102.3,113.7
199707,107.1,116.2,108.4,98.6,104.2,107.2,99,113.6,111.1,103.5,98.7,109,116.1,101,107.1,117.5
199708,104.4,108.9,106.4,98,111.4,107.1,100.9,100.7,109.8,99.8,90.8,109.4,113.2,98.3,99.8,114.6
199709,106,113,106.3,99.5,106.4,107.3,107.5,103.7,112.9,99.9,95.5,108.5,115.7,97.5,105.5,116.4
199710,105.6,114.7,108.4,94.8,105.5,107.3,99.7,107.5,113.4,99.8,91.7,111.6,115.9,100.3,106.6,112.5
199711,107.2,113.4,108.8,100.1,109.1,103.4,109.9,107.4,111.2,103.6,101.1,109.3,113.9,101,109.3,115.5
199712,102.1,111.2,105.2,91.7,99.8,103.4,101.9,102.7,105.3,100.1,89.7,102,114.6,96.7,98.9,111.6
199801,106.6,116.6,105.3,99.6,100.3,109.8,103.8,109.3,111.7,103.4,94.6,109.8,117.6,103.2,107.7,110.5
199802,110.4,115,112.5,104.3,107.5,107.9,108.9,114,113.5,107.7,101.9,113.1,118.3,104,113.3,115.8
199803,106.5,112.7,107.8,99.8,105.9,109.9,108.6,103.2,111.6,102.8,96.2,110.8,113.8,100,105.3,116.3
199804,108.7,116.4,110.6,99.8,107.8,106.9,104.9,112.6,112.1,106.3,99.6,108.8,119.2,101.1,111.8,115.7
199805,106.5,113.9,108.4,98.1,108.4,107.7,104.8,105.1,108.9,104.3,97.2,107.7,116.3,99.3,112,112
199806,105.6,113.5,108.9,96,101.7,107.7,108.1,105.9,108.6,103.2,98.6,106.1,114.2,98.2,111.6,111.5
199807,105.2,112.5,105.1,99,106.4,107.6,102.3,104.1,108.6,102.9,94.5,109,113.5,97.1,108,109.8
199808,104.4,113.4,107.5,93.7,104.7,102.6,107.9,103.7,110.8,99.7,93.4,107.6,112.6,98.2,104.3,111.9
199809,100.9,107.3,100.1,95.9,102.4,99.6,100.4,101.3,104.2,98.2,95.6,103.9,104.1,94.9,104.6,106.8
199810,97.4,107.7,97.8,88.4,94.6,100.3,95.6,97.9,101,94.2,91.6,97.6,104.5,95.1,107.3,96
199811,102.7,110.2,104.5,94.2,104.2,103.6,103.6,100.7,104.9,100.7,94.5,101,113.7,99,101.5,107.4
199812,100.5,108.9,103.1,90,101.5,101.6,104.1,97.1,102.4,98.9,96.9,97.9,108.2,97,100.1,104.2
199901,103.9,109.6,107.4,94.3,100.7,104.2,104.7,105.7,106.5,102,90.5,105.6,114.5,93.7,110.7,110.2
199902,108.1,115.3,111.8,97.5,106.8,108,107.5,109,113.6,104,96.3,112.8,116.9,102.6,111.4,112.5
199903,105.7,116.3,106.1,96.5,108.8,104.4,102.1,106.9,106.9,104.9,100.6,107.4,111,100.5,107.9,109.3
199904,104.6,109.3,110.2,93.4,101.4,103.8,103.2,107.8,106.5,103.1,89.9,108.9,115.7,95.6,109.4,111.2
199905,106.8,114.7,107.2,98.4,110.9,102.9,109,105.6,110.7,103.5,94,109.6,117.3,100.8,109.6,111.8
199906,107.3,112.1,110.5,98.4,106.1,102.3,112.2,108.6,110.5,104.6,94.8,109,118.9,100.8,107.4,115.4
199907,106,106.5,108.7,101.9,99.7,104.7,108.3,109.3,106.5,105.6,95.7,110.9,112.5,99.5,106.2,113.3
199908,104.5,111.8,106.4,94.4,107.3,100.7,100.3,107.5,109.7,100.1,91.5,111.2,110.5,97,101.3,114.7
199909,107.2,112.5,110.3,98.4,110.2,106.1,108,105.7,108.9,105.7,96.9,109.6,116.9,101.8,106.8,115.3
199910,103.2,108.9,107.5,92.4,110.3,100.5,101.7,101.6,104.9,101.8,95.4,106.3,109.4,96.1,107,108.6
199911,107.2,113.6,107.5,100.8,105.1,106.1,110.3,107.5,111.4,103.5,95.4,112.3,114.1,98.2,113.7,112.4
199912,105.4,110.5,107.3,98.6,111,109.1,104.2,100.5,109.5,101.7,93.6,108.8,116.7,96.2,105,116.3
200001,112,120,113.3,103.7,111.4,111.7,113.9,111.5,113.9,110.5,100.3,110.5,126.1,103.7,110.8,121.5
200002,111.3,116.9,112.6,105.3,111.3,108,113.4,112.5,115.9,107.6,104.4,110.8,121.1,104.9,111.9,117.4
200003,107.1,110.2,112.5,97.3,107.3,104.6,110,107,106.9,107.2,94,108.6,120,96.6,103.2,119.7
200004,109.2,118.2,112,98,109.4,107.9,115.4,106.7,112.2,106.8,96.6,112.9,118.3,101.4,112.5,117
200005,110.7,119.2,112.2,102.2,108.2,113.5,110,110.4,112.9,109,99.7,114.9,117.3,102.4,116.8,114.8
200006,106.4,113.2,105.5,103,106.9,106.2,108.6,105,111.5,102.2,99.4,108.9,113.4,99.6,107,113.4
200007,108.3,117.8,112.5,95,113.7,109.3,104.4,106.4,110.7,106.4,99.7,106.3,120,99.9,110.2,115.8
200008,107.3,116.6,106.7,100.2,107.7,106.1,110.6,106.1,111.2,103.9,94.7,109.3,118.9,97.3,108.4,116.3
200009,106.8,114.5,110.1,96.9,110.6,105.7,106.9,105.2,110.4,104,95.4,110.1,118.7,95.2,115,112.9
200010,105.8,114.1,108.7,95.5,103.5,105.1,107,106.9,106.7,105,92.3,111.1,114.2,99,102.6,113.8
200011,107.6,116.2,109.1,100.2,110.3,109.6,107.1,105,112.3,103.7,101.8,110.9,112,102,110.7,111
200012,98.4,106.3,98.2,91.8,96.8,100.5,95.4,99.7,101,96.4,93.1,102.3,103.7,94.1,101.3,101.8
200101,94.7,106.8,95.8,82.9,100.4,94.7,94.2,91.5,101.3,89.2,83.5,98.4,102.2,87.7,98.4,99.6
200102,90.6,100.2,92,82.8,95.1,82.1,92.3,93,93.5,88.1,82.3,92.2,98,89,89.4,93.4
200103,91.5,102.8,93,80.2,86.9,89.1,88.6,97.2,94.1,89.4,84.6,93.3,96.6,89.7,89.1,93.5
200104,88.4,97.2,87.8,81.9,88.8,89.4,88.1,87.6,92.3,85.3,81.1,89.6,94.6,86.6,88.6,90.3
200105,92,103,93,82.6,88.4,91.3,92.9,94,96.2,88.2,81.3,96.1,101.1,88.7,85.4,98.9
200106,92.6,98.9,92.2,87.9,88.5,93.1,94.8,93.5,99.9,87.1,82.8,93.1,103.2,86.4,92.6,99.6
200107,92.4,109.2,90.1,84.4,92.1,90.6,92.2,93.9,99.1,87,84.8,94.3,98.9,87.7,93.3,96.7
200108,91.5,103.4,92.6,81.3,91,87.6,89.8,95.4,93.8,89.4,83.9,96.7,94.5,86.3,90.6,96.5
200109,81.8,95.5,82.2,72.3,80,81.1,78.7,84.8,87.4,76.9,75.1,85.1,85.5,76.2,82.3,85.9
200110,82.7,92.1,83.8,74.7,84.8,82.6,77.7,84.3,89.2,77.8,79.5,84.1,88.3,76.1,88,85.6
200111,83.9,89.4,84.7,78.2,83.7,84.9,77.6,86.5,89.1,79.5,77.8,87.5,88.2,79.4,81.5,89.7
200112,88.8,90.7,89.3,86.9,87.5,87.7,89.9,89.8,100.1,80.4,83.4,85.3,98.5,82.2,88.8,96.4
200201,93,102.8,91.4,87.6,89.8,94.6,95.4,92.4,98.9,88.1,82.4,92.7,103.1,84.4,95.9,98.5
200202,90.7,97.8,90.3,84.6,86.3,93.2,86.2,94,96.9,85.5,81.2,92.5,98,87.5,92.4,92
200203,95.7,99.9,97.1,90.3,93.3,93.5,96.4,98.2,103.5,89.2,84.2,99.5,105.1,88,100.1,100.9
200204,93,102.7,93.5,86.6,92.5,91.8,96.9,92.1,97.2,89.7,87,93.4,101.6,84.7,99.9,96.6
200205,96.9,105.9,97,90,105.5,94.1,91,97,101.4,93.1,90.1,96.7,105,90.4,97.7,102.7
200206,92.4,99,96.5,82.2,92.5,89.4,86.5,97.5,98.3,87.3,83.4,94.7,101,85.7,93,98.1
200207,88.1,97.2,90.2,79,86,93,85.2,87.6,91.2,85.6,80.8,91.5,93.5,84.8,86.3,92.2
200208,87.6,90.4,85.8,88.2,81.3,88.7,89.1,89.6,94.5,81.9,80.7,88,94.1,87.5,82.7,90.6
200209,86.1,100.8,86.5,75.9,87.3,82,87.9,87,90.9,82.2,81.6,85.2,91.4,80.3,94,87.4
200210,80.6,94.6,81.6,69.9,80.7,75.4,81.7,83.4,86.1,76.1,75.1,79.7,88.4,72.6,87.1,84.8
200211,84.2,95,83.3,76.4,84.7,85.8,81.9,83.9,86.7,82.1,80.1,85.2,87.6,78.2,86.3,88
200212,86.7,98.6,88.5,75.2,87.5,85.7,76.7,92.2,95,79.9,75.8,91,95.3,81.9,93,88
200301,82.4,89.5,82.8,76.5,81.7,83,81.9,82.6,89.2,76.6,74.1,84.8,89.5,74.1,83.2,88.7
200302,79.9,90.6,77.1,75.6,74.8,85.2,71.2,84,87.2,73.9,77.1,82.4,81.3,81.8,76.8,80
200303,77.6,88.3,80.4,66.4,79.1,73.9,70.3,82.9,88.8,69,68.1,76.1,90.3,71.6,80.6,81.3
200304,86,94.7,87.5,77.2,82.7,84.6,87.5,87.9,93.3,80,76.2,85.1,96.4,80.8,90.2,88.2
200305,92.1,107.4,89.6,85.6,91.1,91.4,91,93.9,99.5,85.8,87.8,95.1,94.9,88.1,98.9,92.5
200306,89.7,98.9,89.4,82.8,88.8,91.8,84.4,91.5,95.8,84.6,79.6,95,95.6,84.6,89.2,93.9
200307,90.9,96.4,89.2,89.1,86.3,88.8,97,91.7,98.4,84.7,80.3,95.6,98.4,86.8,92.6,93.7
200308,89.3,102.4,92,78.9,87.3,90.5,83.2,92.9,95.9,83.5,80.9,89.1,99.6,79.2,95.9,95.1
200309,87.7,101.6,88.6,76.6,90.7,81.1,78.3,95.6,96.5,80.3,75.5,90.4,100.7,75.9,87.2,97.7
200310,89.6,100.2,88.5,83.3,88.3,87.4,85.5,94.2,94.4,85.9,77.1,90.3,102.3,79.3,90.2,96.8
200311,93.7,105,92.6,87.3,88.8,93.2,92.8,97.5,99.3,88.8,79.4,98.1,105.9,78.4,106.2,97.9
200312,92.6,100.8,95.2,83.3,97.1,85.9,93.2,94.2,100.4,85.7,82.2,93.4,103.8,85,95,97.4
200401,103.8,115.7,105.3,94.9,99.6,101.5,100.9,109.2,109.5,99,91.5,105.8,114.2,98.3,104.4,108.5
200402,94.4,107.3,100,80.4,93.9,91.8,94.6,96.7,99.6,90.1,79,96.8,109.1,86.3,94.2,103.3
200403,95.8,106.2,97.5,87.1,96.4,91.2,87.9,102.7,103,89.8,83.7,97.6,106.7,89.9,98,99.6
200404,94.2,104.5,91.8,90.5,93.3,96.1,91.9,94.6,101.6,88.3,85.8,93.2,104.8,90.6,95.8,97.1
200405,90.2,99.1,87,87.7,90.1,86.9,92.7,91.4,96.2,84.7,78.8,88.9,101.4,82.9,87.7,99
200406,95.6,102,100.7,85.8,100.7,92.1,91.4,97.6,100.4,91.4,80.8,98,106.6,86.1,95.5,103.6
200407,96.7,108.5,99.2,86.9,95.4,89.7,91.8,104.1,104.7,89.9,88.2,96.1,107.1,89.6,97.9,102.5
200408,95.9,105.2,96,89.5,94.3,94.7,86.8,102.3,97.9,94.2,81.1,99,106.8,91.6,94.6,102.1
200409,94.2,101.8,95.4,88.3,90,91.2,91,100.3,101.8,87.7,80.6,95.6,106.2,87.2,94.7,100
200410,91.7,96.3,91.6,89.4,94.8,89.5,87.1,93.8,96.6,87.7,80.7,95.7,99.6,86.9,94.9,94.9
200411,92.8,105.2,92.2,86.8,84,90.8,97.3,97.2,101.6,85.1,80.9,93.1,104.8,88.4,92.4,97.5
200412,97.1,99.9,100.2,91.5,100.9,95.6,85.3,102.4,101.7,93.1,93.5,95.9,105,92.3,98.3,100.4
200501,95.5,105,97.5,87.7,102.8,93,87.9,96.2,102.1,90.1,82.1,97.5,107.1,87.7,96.8,100.9
200502,94.1,103,96,86.5,96.3,85.5,86.5,102.2,98.3,90.8,79.9,93.7,106.6,86.6,95.3,101.5
200503,92.6,108.6,89.6,87.1,91.7,91.7,86.3,97.5,96.7,89.4,85.1,87.7,104.3,86.9,96.1,95
200504,87.7,95.4,89.3,81.3,87.3,86.7,82.1,91.8,95,81.7,80,85.6,98.7,84.1,86.2,92.8
200505,86.9,95.7,89.8,78,86.5,82.8,88.5,89.3,91.9,82.6,76.6,86.1,98.1,81.7,85.7,91.9
200506,96,108.6,98.4,83.9,102.1,90.9,90.7,98.4,99,93.6,86.8,99.1,103.2,91.8,97.3,98.6
200507,96.5,107.4,98.5,87.8,98.6,93.4,96.8,97.2,101.9,91.9,87.6,97.4,104.8,90.1,100.4,100.1
200508,89.1,96.6,94.3,79.5,91.3,88.9,87.6,88.8,95.6,83.8,77.2,89.5,100.7,82.2,93,93.3
200509,76.9,87.6,80,69,81.5,73.1,73.6,78.7,76.8,77,68.6,74.8,89.3,68.8,78.5,83.5
200510,74.2,78.8,75.2,70.6,72.6,72.2,69.5,78.8,76.3,72.4,68.4,75.2,78,69.9,74.7,78.3
200511,81.6,101.4,81.8,69.2,81.2,77.2,79.5,85.9,88.4,76,67.2,88,90.5,73.9,81.6,87.6
200512,91.5,103.3,95,80.4,101.1,83.5,88.7,92.7,101,83.9,76.5,92.1,104.8,83.2,89.5,101.9
200601,91.2,100.1,92.2,85.9,96,86.7,90.4,91.7,98.3,85.4,79.3,93.6,102,84.8,93.9,96
200602,86.7,99.8,90.9,75.9,95.6,89,84.2,81.6,93.1,81.3,73.7,89.3,98,81,84.7,94.7
200603,88.9,99.8,94.4,78.7,93.7,86.3,84.2,90.5,92.3,86.2,78,84.1,104.6,78,91.7,96.7
200604,87.4,96.5,93.6,76.1,85.1,90.2,85.3,88.1,88.7,86.3,75.5,87.6,100.2,76.6,90.2,96.3
200605,79.1,86.1,81.7,72.4,86.5,77.5,78.3,76.4,85.8,73.4,65.7,84.2,87.8,73.1,78.5,85.5
200606,84.9,92.7,88.1,78.4,92.9,76.4,87.8,85.2,90.8,80.5,72.8,86.4,97.5,77.6,80.2,96
200607,84.7,94.3,87,77.7,90.1,82.8,76.6,86.9,90.8,79.9,67.5,87.2,97.5,79.8,81.5,92.3
200608,82,92,86.5,72.8,96.6,78.6,74.2,80.5,91.9,74.1,69.1,84.4,93.3,74.1,81.4,91.9
200609,85.4,104.7,84.4,78.8,92.2,85.8,75.2,86.7,90.1,81.2,79.1,77.8,97.7,81.4,85.2,89.5
200610,93.6,101.9,95.9,87.2,93.9,89.8,90.5,97.7,102.1,86.4,81,95.6,104.4,84.3,95,101.5
200611,92.1,98.9,92.9,88.5,99.3,87.7,84.3,95,96.4,88.4,84.7,95.9,98.6,87.4,93.4,95.3
200612,91.7,104.7,93.2,84.9,93.1,84.6,92,95.4,97.5,86.8,83.6,91.8,99.8,82.8,89,103.7
200701,96.9,107.1,99.8,88.3,98.1,96.3,92.9,98.7,103.4,91.6,85.2,98.2,107.7,90.6,96.8,103.9
200702,91.3,103.8,98.7,79.1,93.3,88.6,89.9,93.1,99.1,84.8,74.9,89.5,114.2,79.3,90.1,104
200703,88.4,102,88,83.3,88.8,90.7,87.4,87.3,92.8,84.8,79.4,88.8,98.7,78.6,87,99
200704,87.1,103,88.9,77.9,87.9,83.8,87.2,89,93.6,81.7,78.3,88.4,95.9,81.7,86.1,93.5
200705,88.3,97.5,88.6,82.9,92.5,80.5,85.8,92.5,91.2,86.1,75.7,92.9,97.9,79.5,87.6,96.5
200706,85.3,96.3,85.8,80,86.5,89.2,78.9,85.6,87.8,83.3,76.8,84.1,96.9,75.7,86,95.1
200707,90.4,99.9,90.9,85.8,93.8,86.8,93.6,89.6,98.7,83.7,75,90.2,105.9,81,91.1,98.1
200708,83.4,96.3,86.4,75.6,83.5,76.6,86.8,86.2,90.2,77.5,64.7,88.5,96.8,77.5,82.2,90
200709,83.4,103.8,82.6,77.1,85.7,78.2,79.2,87.7,88.5,79.5,71.5,86.3,92.2,77.5,81.6,90.3
200710,80.9,104.2,79,74.2,86.5,79.1,81.7,78.4,85.9,76.7,70.9,83,89.7,69.8,82.2,90
200711,76.1,87.5,78.2,68.1,71.2,71.5,70.8,85,77.9,74.7,62.9,79.8,84,61.7,78.9,84.1
200712,75.5,90.9,77.2,67.2,75.9,68.6,71.6,82,79.4,72.6,65.5,74,90.5,73.5,71.3,81.8
200801,78.4,90.5,80.6,71.7,73.8,79.9,78.8,79.9,81.9,75.4,70.3,76.3,87.4,73.5,79.4,82.2
200802,70.8,82.7,71.5,65.2,72.5,68.1,73.9,69.9,78,64.6,65,73.7,73.7,67.9,65.8,76.7
200803,69.5,86.8,70.9,61.7,69.5,71.1,69.8,68.3,74,65.7,60,71.7,78.4,64.9,71,72
200804,62.6,71.8,61.1,60.9,62.8,61,58.2,66.1,68.2,57.9,57.3,64.7,67.6,58.9,61,67.6
200805,59.8,73,57.2,56.9,61.5,58.2,57.8,60.8,61.8,58.2,54.7,57.9,66.8,53.6,58.1,65.9
200806,56.4,60.4,57.4,53.6,54.3,55.6,57,57.7,61.2,52.7,52.5,54.1,62.3,53.4,54.9,60.4
200807,61.2,77,59,56.4,60.7,58.6,60.7,63.5,66,57.3,59.7,58.5,67.9,58.2,64.8,60.8
200808,63,75.3,64.7,57.6,58.5,65.4,64.1,63.4,71,56.5,55.6,64.2,69.5,56.2,57.5,72.1
200809,70.3,74.5,71.9,66.9,67.4,68,70.1,73.4,74.6,66.6,66.7,69,74.8,69.9,70.4,70
200810,57.6,62.7,59.4,53.8,55.1,57.7,54.7,60.3,65.9,50.6,59.4,55.9,58.2,53.7,59,60.5
200811,55.3,61.2,53.1,55.6,55.3,55.5,53.7,56,56.4,54.5,54.5,53.8,58.2,55.2,56.5,54.8
200812,60.1,64.6,62.4,55.7,54.5,59.3,61.5,63,64.5,56.5,57.6,60.8,61.7,59.2,61.8,59.5
200901,61.2,67.5,61.9,58.7,62.6,63.1,53.8,62.9,64.4,58.8,57.1,65.3,61,60.4,59.7,63.5
200902,56.3,65.5,56.1,53.6,52.7,54.4,57.6,58.9,59.6,53.5,57,54.8,58.7,53.6,54.4,60.1
200903,57.3,70.9,52.4,55.9,57.4,52.6,56,61.4,58.8,56,59.8,53.9,57.6,57.6,53,59.8
200904,65.1,70.3,67.8,60.7,66.7,62.4,68.4,64.5,68.1,62.7,63.8,65.5,67.9,60.8,61.8,70.5
200905,68.7,76.9,67.9,67.6,73.1,64.8,60.5,73.8,68.1,69.3,65.2,67.4,74.3,63.1,68.3,73.2
200906,70.8,76.2,71.4,68.6,62.7,69.4,73.3,74.7,77.1,65.7,68,69.8,74,69.3,71.8,71.4
200907,66,78.8,67.2,61.5,62.9,65.1,65,69,69.1,63.8,68,62.1,70.1,63.8,64.8,69.5
200908,65.7,77,66.1,61.9,60.1,66.1,76.8,62.9,70.8,61.5,59,70.9,66.3,61.9,66.2,68.4
200909,73.5,80.7,76.1,69.5,75.6,73.9,77.8,69.6,75.7,71.5,70.1,76.3,75,64.8,73,81.1
200910,70.6,77,74.4,65.3,70.1,70.4,73.1,69.8,70,71,66,73.4,74.9,65.6,68.5,75.6
200911,67.4,71.9,69,64.8,68.7,69.2,67.3,65.6,70.9,64.4,58.6,69.5,73.8,62.1,69.2,70.3
200912,72.5,84.8,72.4,68.1,67.1,75,78,70.6,79.4,66.7,69.1,70.3,78.7,71.5,68.3,76.1
201001,74.4,86,75.1,70.2,68.7,79.2,72.9,75.1,80.3,69.8,67.5,76.6,80.7,68.4,74.1,81.3
201002,73.6,95.2,70.2,69,73.8,68.4,76.8,75.6,75.4,72.3,67.7,73.5,80.2,71.7,73.4,76.1
201003,73.6,89.7,73.7,70.7,77.7,74.2,72,71.5,77.4,70.3,71.9,73.7,78,70.8,71,77.1
201004,72.2,80.1,73.7,69.1,74.9,73.9,75,67.9,74.9,69.8,66.6,74.2,77.3,69.4,68.1,77.9
201005,73.6,82,75.5,68.7,73.2,79.6,70.4,71.2,75.9,71.7,65.8,72.1,82.8,65.9,72.2,81.5
201006,76,84.6,79.1,71.4,77.7,74.8,75,76.5,80.1,72.6,67.6,78.8,82.6,71.2,74.2,81.5
201007,67.8,86.6,70.1,62.4,67.4,68.7,71.3,65.8,72.7,63.9,66.9,60.8,77.6,62.6,70.4,70.2
201008,68.9,82.6,73.7,60.3,73.3,68.7,71.6,65.2,70.3,67.8,60.4,69.9,78,60.1,70.4,75.1
201009,68.2,86.3,71.7,61,68.2,65.8,69.6,69.3,71,66.1,67.7,69.1,71.8,65.2,61.5,74.6
201010,67.7,78.4,70.5,62.5,63.3,72.2,65.6,68.3,72.4,63.6,61.8,67.9,74.6,63.4,67,71.7
201011,71.6,84,74.9,65.5,75.2,71.6,68.2,71.3,75.6,68.1,60,74.8,81.3,62.8,67.8,80.7
201012,74.5,86.4,76.9,69.2,72.2,79.8,74.9,71.9,79,70.6,70.1,73.5,82.1,69.6,70.1,81.6
201101,74.2,90.8,74.7,70,74,76.7,75.6,71.7,76.9,71.9,68.7,75,81.9,67.6,72.8,79.8
201102,77.5,82.2,81,73.3,77.9,76.4,75.5,79.3,84.8,71.6,65.8,80,88.1,63.2,78.6,88.3
201103,67.5,84.2,73,59.9,65.3,68.5,72.4,65.7,72.5,63.5,55.5,67.5,80.4,57,62.6,77.9
201104,69.8,81.2,73.1,64.6,72.2,72.6,66.8,67.9,74.9,65.7,60.1,68,83.1,60,63.5,81.8
201105,74.3,73.4,81.2,68.9,74.5,75.5,71.1,75.2,79.5,70.4,66.9,73.1,82.8,62.6,74.5,82.7
201106,71.5,85.1,74.8,66,69.3,73,73.5,70.6,72.2,71,62.5,74.1,80.1,59.8,71.6,79.9
201107,63.7,69.1,66.9,59.9,63.4,66.2,63.9,62.3,63.4,63.9,60.3,61.4,70.1,57.9,62.7,69
201108,55.8,78.3,57.4,49.6,55,61,47.6,56.7,54.6,56.8,51.7,52.9,62.3,51.7,53.2,60.8
201109,59.5,64.2,64,55.2,59.1,60.1,61.1,58.3,62.3,57.2,59.1,54.9,63.4,58.9,55.5,62.4
201110,60.8,82.2,63.6,53,65.8,57.8,59.7,60.7,63.6,58.4,52.6,63.2,68.1,58.4,53.4,67.8
201111,63.7,69.8,65.7,61.5,60.9,64.3,64.9,64.2,65,62.6,59,62.8,70.7,58.9,63.6,67.5
201112,69.9,85.5,72.3,64.7,76.4,69.5,66.8,68,75,65.9,68.4,67.2,73.6,68,68.8,72.4
201201,75,79.4,78.1,71.9,77.4,74.8,75.7,73.4,78.8,72.2,69.4,76,79.8,69.5,72.8,81
201202,75.3,88.6,80.1,68.5,73.3,77.9,74.7,75,78.1,72.9,68.1,73.7,85.1,71.2,73.8,80.3
201203,76.2,86.5,81.2,70.4,77.2,72.7,81.5,75.2,82.1,71.1,68.2,73.1,89.9,68.4,71.5,84
201204,76.4,88.7,78.8,71.9,75.6,76.4,79.6,75.2,82.3,71.5,67.5,75.9,85.3,71.1,70.9,84.9
201205,79.3,100.4,85.1,71.3,83.2,82.2,74,78.5,82.3,76.8,69.2,74.7,91.5,76.3,70.8,87.1
201206,73.2,80.5,77.6,68.8,74.6,74.5,65.5,75.3,77.1,69.5,71.2,73.1,74.6,70,68.6,78.7
201207,72.3,84.9,77.1,67.9,68.1,74.4,71.6,74.2,79.3,66.8,69.8,72.6,74.5,67.3,70.8,77.2
201208,74.3,89.9,77,69,76,74.4,68.8,76.5,73,75.3,68.5,78.1,79.8,74.2,70.3,77.4
201209,78.3,82.6,80.6,75.8,84.6,77.4,72.6,78.2,84.7,73,76.5,79.8,80.6,75.1,73.7,83.2
201210,82.6,97.1,88.7,75.3,81.8,89.3,77.5,80.5,85.3,80.4,81,79.5,91.5,77.6,79.1,88
201211,82.7,97,84.1,78.9,84,90.3,79.7,78.4,86,79.8,77.8,79.8,91.6,78.4,82.2,86.6
201212,72.9,91.4,75.4,67.7,77.9,76.3,73.6,66.3,69.8,75.5,68,74.9,76.1,68.3,72.7,77
201301,73.8,87.8,76.3,69.3,75.1,73.5,75,72.5,76.3,71.7,67.9,78.5,78.1,63.6,81.6,76.6
201302,77.6,87.4,77,74.3,84.5,77.2,80.3,72,82.4,73.4,69.7,81.4,83.5,72.3,71.8,85.6
201303,78.6,94,77.2,75.2,82.4,83.6,79.6,72.5,82.9,74.8,73.4,81.2,86,68.5,79,86.8
201304,76.4,95.7,76.1,71.2,75.4,78.6,77.6,74.7,80.5,73.2,68.9,81.5,78.8,70.5,77.2,79.8
201305,84.5,98.4,83,80.5,82.9,84.7,91.1,81.8,90.1,80,77.4,83.8,94.1,80.9,79.2,91.3
201306,84.1,97.2,90.2,76.3,86.9,85.1,83.3,81.7,89,80,73,84.2,96.9,74.7,81.5,93.4
201307,85.1,104.2,87.2,77.5,96.5,84.3,86.5,79.1,88.1,82.5,78,87.3,91.3,74.8,91.1,87.8
201308,82.1,92,87.1,74.6,84.3,78.7,81.1,83.7,85.1,79.3,72.2,86.1,89.3,72.5,76.1,93.5
201309,77.5,98.9,77.4,69.3,77.9,74.6,79,78.5,79.3,75.8,70.4,75.3,87.7,72.3,75.3,82.4
201310,73.2,85.5,77.4,67.5,66.9,76.8,68.3,76.6,76.7,69.9,66.3,75,79.4,66.9,71.5,77.5
201311,75.1,82.2,74.3,72.5,76.9,77.6,74,72.7,78.2,72.4,66.2,72.4,88.6,59.5,59.5,84.1
201312,82.5,98.1,88,74.7,85.1,81,81.3,82.7,87.1,77.8,73.4,82.9,92.1,62.7,85.3,89.9
201401,81.2,96.8,81.2,76.5,91.3,83.9,83.6,72.6,83.6,78.6,71.6,81.5,93.1,65.3,84.9,87.6
201402,81.6,101,84.7,73.8,78.3,83.3,79.5,83.2,84.5,78.6,69,83.1,92.9,72.5,81,86.9
201403,80,96.3,85.3,70,78.8,78.1,81.1,81.6,84.4,75.5,71.6,82.4,88.8,72.4,72.4,89.3
201404,84.1,102,80.7,78.6,87,87,80.2,82.2,88.2,79.9,75.1,85.1,95,72.3,83,90.7
201405,81.9,93.6,79.7,78.4,80.5,82,83.4,81.8,86.3,77.5,73.3,81.9,88.9,66.9,81.6,89.9
201406,82.5,94.7,90.2,73.7,85.5,80.1,86,80.3,86.7,78.2,73,87.4,90.4,71.7,84.3,87.3
201407,81.8,94.3,86.5,74.4,86.1,77.3,83.7,81.5,85.1,78.3,76.3,80.3,91.3,70.8,80.7,87.6
201408,82.5,96.4,82.2,76.9,88.9,81.1,82.4,79.6,84.8,80.1,71,83.3,95.2,67.1,86.9,87.7
201409,84.6,100.6,88.1,75,85.4,80.9,87.6,85.3,90.8,77.4,72.4,91,92.1,78.3,77.7,93
201410,86.9,100.2,86.5,81,93,86.3,86.6,84.3,93.6,79.4,76.4,87,100.2,76.9,80.4,95.5
201411,88.8,104.6,89,80.6,86.5,87.7,96.3,87.2,92.3,84.8,81.5,89.8,94.6,77,89.6,93.6
201412,93.6,110.5,98.6,82.2,94.7,92.2,92.8,94.2,102.1,84.3,88.6,92.2,101.7,88.8,86.5,99.4
201501,98.1,112.3,99.4,89.5,98.8,98.2,103.7,95.3,102.8,92.7,92.8,97.2,107.2,88.4,95.5,104.5
201502,95.4,110.6,99.7,84,97,89.3,93.6,99.1,98,92.1,93.5,90.7,101.7,90.1,92.6,99.4
201503,93,106.7,92.5,84.9,91.8,89.2,102.1,91.9,95.3,90.4,85.5,93.2,104,89.5,80.9,101.1
201504,95.9,108.7,100.7,84.7,93.6,95.3,102.6,95.1,101.4,89,86.1,96.7,106.2,84.6,94.1,102.5
201505,90.7,102.9,93.7,81.1,85.8,92.4,94.2,90.6,91.6,89.6,82.3,91.9,101.3,81.4,89.1,96.2
201506,96.1,111.1,98.2,86.9,92.2,96.4,96.3,98.1,97,95.1,88.6,97.1,103.4,85.7,90.6,105.1
201507,93.1,108.6,94.6,83.3,88.4,95.5,98.9,92,94.9,91.2,85.8,94.3,100.3,84.3,89.5,99.7
201508,91.9,112.1,94.6,78.5,93.1,92.6,94.9,89.5,98.1,83.8,87,91.2,98.9,86.7,90.3,95.4
201509,87.2,102.7,89.5,75.6,87.5,86.5,89.3,86.5,92,82.2,81.3,82.2,99.7,78.9,78.4,98
201510,90,104.9,94.9,77.5,92.5,90.4,89.8,88.3,96,82.8,88.3,85.1,98.6,80.8,87.6,96.1
201511,91.3,107.6,94.7,78.5,93.4,90.7,92.9,89.6,96.6,85.4,88.2,90.8,96.1,83.6,85.8,98.7
201512,92.6,105.9,94.6,84.2,91.2,95.7,91.1,91.8,97.5,86.5,84.3,99.9,94.5,84.1,90.6,99.2
201601,92,110.6,93.4,81,89.4,96.4,94.6,89.5,96.3,87.3,84.3,96,96.9,89.1,84.9,97.8
201602,91.7,103.5,97,80.3,91.3,96.2,92,88.7,100.1,81.1,83,94.4,98.3,85,94,93.9
201603,91,103.3,95,80.8,91.9,90.8,91.8,90,95.4,85.9,80.6,95.1,99.4,86.3,84.9,97.7
201604,89,102,94,78.4,90.7,90.3,89,86.7,93.6,83.7,82.5,88.2,97.4,84.4,87.8,92.3
201605,94.7,112.9,97.1,82.9,94.4,95,98.1,93,97.4,91,89.4,91.4,103.3,88.4,91.9,99
201606,93.5,102.9,99.1,83.9,97.9,88.3,93.2,94.5,96,90.5,84.7,92.2,104.2,82.8,91.3,100.3
201607,90,102.2,95.8,78.8,91.4,86.9,89.4,91.2,92.3,87.1,83.7,90.1,96.4,86.9,86.5,94.5
201608,89.8,94.5,93.9,83.8,84.4,89.7,99.1,89.5,94.9,83.4,82.4,92,95.5,85.9,80.3,96.8
201609,91.2,103.4,91.6,84.5,95,92.1,97.7,85.1,94.7,86.7,81.1,92.8,100.3,84.1,87.5,97
201610,87.2,93.4,92.6,79.7,86.9,86.9,95.6,84.1,89.6,84.4,76.3,90.9,94.5,78.3,80.2,95.4
201611,93.8,101.7,97.4,86.6,93.6,93.4,95.7,93.3,98.6,87.1,86.2,93.2,102,86.3,89.3,99.8
201612,98.2,103.3,98.6,95.1,96.2,99.9,89.7,102.1,103.6,91.8,89.4,103.4,103.1,95.3,102.4,97.5
201701,98.5,104.9,99.3,94.3,100,95.5,95.1,100.6,104.6,91.1,88.7,105.2,102,94.5,102.6,97.3
201702,96.3,97.4,97.3,94.9,88.8,97.8,98.1,99.5,100.5,90.7,89.3,100.1,99.1,101.8,98.3,92.7
201703,96.9,97.1,99.2,95.9,90,97.1,100.4,99.8,105.5,87.5,82.6,100.3,107.5,96,94.8,98.7
201704,97,98.7,99.6,94.2,97.7,94.5,96.1,98.6,105.3,86.8,84.9,99.7,106.9,98.3,92.7,99.1
201705,97.1,103.4,99.8,91.4,89.7,99.6,94.2,101.1,103,89.7,86.8,100.5,104.5,92.3,96.5,99.2
201706,95,99.2,96.8,91.2,94,92.4,97.6,96.2,102.1,85.8,85.1,99.7,101.7,98,93.2,94.9
201707,93.4,95.5,101.2,86.7,97.2,94.2,82.3,95.7,100.2,85.4,85.5,95,100.5,89.4,95.3,94.5
201708,96.8,100.5,94.3,96.6,95.7,99.5,91.9,98.1,101.7,90.7,84.7,97.8,105.7,89.6,94.7,101
201709,95.1,100.1,93.8,94.1,91.8,95.6,96.2,96.4,99.5,90.3,85.3,94.6,105.8,91.1,94.1,97.4
201710,100.7,104.6,101.7,98.1,101.5,102.3,96.2,101.2,109.6,89.9,94.6,100.8,108.7,102.1,103.1,98.8
201711,98.5,104.3,104,91.4,93.5,99.2,96.5,101.9,106,89.6,91.4,100.4,105.7,94.3,103.3,97.3
201712,95.9,102.5,97.4,90.6,95.8,97.3,91.8,96.8,108,81.8,84.9,97.7,105.8,94,100.6,94.4
201801,95.7,96.7,99.4,93,97.1,97.5,85.2,98.3,102.4,87.8,84.5,93.2,108.8,86,100.1,97.4
201802,99.7,96.5,101.5,99.8,95.8,100.5,94.5,104,106.8,91.3,81.2,104.3,111.9,97,97.6,102
201803,101.4,104.2,102.4,99.1,104.8,101.5,93,103.1,106.1,96.3,95.3,104.3,106.3,102.5,104.7,98.7
201804,98.8,102.3,102.7,93.2,96,99.4,93.7,102.2,107.2,89.2,91.1,101.3,104.4,95.1,102.8,97.8
201805,98,105,100,93.3,95.7,100.6,99.1,97.3,105.3,89.4,91.5,100.9,101.8,97.3,101.9,95.8
201806,98.2,98,104.3,93.1,91.5,100.3,98.7,100.5,107.8,87.3,89.5,101.2,105.4,100.3,102.2,94.9
201807,97.9,100.3,101,94.5,97.9,98.8,88.7,101.6,105.4,89.6,90.7,97.5,107,96.2,102.7,96
201808,96.2,97.3,100.3,92.4,86.8,97.6,93.7,101.9,105.3,85.3,82.2,100.2,104,93.5,97.1,96.8
201809,100.1,99.3,102.3,98.9,106.1,95.6,92.5,102.8,104.9,94.4,96.3,101.7,102.8,102.9,105.9,94.7
201810,98.6,96.9,101.9,97.4,99.8,98.8,92.5,100.5,104.4,92.3,87.3,102.5,104.4,101.8,99.4,96.9
201811,97.5,96.8,98.5,97.6,98.4,97.4,93.9,98.5,103.9,89.8,96,95.5,98.5,105.6,98.3,93.8
201812,98.3,98.8,100.3,96.8,97.5,94.6,103,99.3,101.9,94.1,92,100.4,103,99.2,105.6,93.9
201901,91.2,100.6,89.6,87.6,88.4,92.5,85.6,94.4,94.4,87.5,84.6,91.7,96.4,91.7,95.8,88.5
201902,93.8,99.9,95.8,89.7,85.3,92.3,93.1,100.2,99.6,86.7,84.5,95.3,101.7,90.8,96.3,93.5
201903,98.4,102.7,98.9,96.9,97.4,96.3,91.5,103.4,104.9,90.2,90.7,103.3,100.6,97.4,104.1,95.9
201904,97.2,95.6,99.4,96.3,94.7,100.3,98.9,96.1,101.3,92.3,88.9,102.5,102.1,96.6,98.4,96.7
201905,100,106.9,97.2,99,97.5,100.7,90.3,104.9,110.2,87.9,92.5,100.7,107,98.5,98.3,101.7
201906,98.2,105.1,98.1,95.1,97.7,96.1,98.4,99.7,103.9,89.6,91,106.1,98.4,102.2,101.4,95
201907,98.4,97.2,102.5,96.6,97.9,97.9,92.1,101.8,105,90.6,92.6,94.8,106.8,102.5,98.4,96.7
201908,89.8,98.6,89.1,85.7,81.9,91.5,91.2,93.3,95.1,83.5,83.8,92.8,94.4,93.2,88.1,89.4
201909,93.2,100.6,96.1,87.3,90.5,92.4,84.6,98.7,99.4,86.1,88.3,96.8,95.7,92.4,101.7,88.7
201910,95.5,100.9,96,92.8,96.4,97.5,88.7,96.5,101.7,87,90.8,99.3,96.7,100.4,100.8,90.9
